<?xml version="1.0" encoding="UTF-8"?>
<GenRun Id="impl_1" LaunchPart="xc7a100tcsg324-1" LaunchTime="1582586797">
  <File Type="PWROPT-DCP" Name="display_butterfly_pwropt.dcp"/>
  <File Type="ROUTE-PWR" Name="display_butterfly_power_routed.rpt"/>
  <File Type="PA-TCL" Name="display_butterfly.tcl"/>
  <File Type="ROUTE-PWR-SUM" Name="display_butterfly_power_summary_routed.pb"/>
  <File Type="REPORTS-TCL" Name="display_butterfly_reports.tcl"/>
  <File Type="BG-DRC" Name="display_butterfly.drc"/>
  <File Type="OPT-METHODOLOGY-DRC" Name="display_butterfly_methodology_drc_opted.rpt"/>
  <File Type="INIT-TIMING" Name="display_butterfly_timing_summary_init.rpt"/>
  <File Type="OPT-HWDEF" Name="display_butterfly.hwdef"/>
  <File Type="OPT-DCP" Name="display_butterfly_opt.dcp"/>
  <File Type="OPT-DRC" Name="display_butterfly_drc_opted.rpt"/>
  <File Type="OPT-TIMING" Name="display_butterfly_timing_summary_opted.rpt"/>
  <File Type="PWROPT-DRC" Name="display_butterfly_drc_pwropted.rpt"/>
  <File Type="PWROPT-TIMING" Name="display_butterfly_timing_summary_pwropted.rpt"/>
  <File Type="PLACE-DCP" Name="display_butterfly_placed.dcp"/>
  <File Type="PLACE-IO" Name="display_butterfly_io_placed.rpt"/>
  <File Type="PLACE-CLK" Name="display_butterfly_clock_utilization_placed.rpt"/>
  <File Type="PLACE-UTIL" Name="display_butterfly_utilization_placed.rpt"/>
  <File Type="PLACE-UTIL-PB" Name="display_butterfly_utilization_placed.pb"/>
  <File Type="PLACE-CTRL" Name="display_butterfly_control_sets_placed.rpt"/>
  <File Type="PLACE-SIMILARITY" Name="display_butterfly_incremental_reuse_placed.rpt"/>
  <File Type="PLACE-PRE-SIMILARITY" Name="display_butterfly_incremental_reuse_pre_placed.rpt"/>
  <File Type="PLACE-TIMING" Name="display_butterfly_timing_summary_placed.rpt"/>
  <File Type="POSTPLACE-PWROPT-DCP" Name="display_butterfly_postplace_pwropt.dcp"/>
  <File Type="POSTPLACE-PWROPT-TIMING" Name="display_butterfly_timing_summary_postplace_pwropted.rpt"/>
  <File Type="PHYSOPT-DCP" Name="display_butterfly_physopt.dcp"/>
  <File Type="PHYSOPT-DRC" Name="display_butterfly_drc_physopted.rpt"/>
  <File Type="BG-BIT" Name="display_butterfly.bit"/>
  <File Type="PHYSOPT-TIMING" Name="display_butterfly_timing_summary_physopted.rpt"/>
  <File Type="ROUTE-ERROR-DCP" Name="display_butterfly_routed_error.dcp"/>
  <File Type="ROUTE-DCP" Name="display_butterfly_routed.dcp"/>
  <File Type="ROUTE-BLACKBOX-DCP" Name="display_butterfly_routed_bb.dcp"/>
  <File Type="ROUTE-DRC" Name="display_butterfly_drc_routed.rpt"/>
  <File Type="ROUTE-DRC-PB" Name="display_butterfly_drc_routed.pb"/>
  <File Type="BITSTR-MSK" Name="display_butterfly.msk"/>
  <File Type="ROUTE-DRC-RPX" Name="display_butterfly_drc_routed.rpx"/>
  <File Type="BG-BGN" Name="display_butterfly.bgn"/>
  <File Type="ROUTE-METHODOLOGY-DRC" Name="display_butterfly_methodology_drc_routed.rpt"/>
  <File Type="BITSTR-RBT" Name="display_butterfly.rbt"/>
  <File Type="ROUTE-METHODOLOGY-DRC-RPX" Name="display_butterfly_methodology_drc_routed.rpx"/>
  <File Type="BG-BIN" Name="display_butterfly.bin"/>
  <File Type="ROUTE-METHODOLOGY-DRC-PB" Name="display_butterfly_methodology_drc_routed.pb"/>
  <File Type="ROUTE-PWR-RPX" Name="display_butterfly_power_routed.rpx"/>
  <File Type="ROUTE-STATUS" Name="display_butterfly_route_status.rpt"/>
  <File Type="ROUTE-STATUS-PB" Name="display_butterfly_route_status.pb"/>
  <File Type="ROUTE-TIMINGSUMMARY" Name="display_butterfly_timing_summary_routed.rpt"/>
  <File Type="ROUTE-TIMING-PB" Name="display_butterfly_timing_summary_routed.pb"/>
  <File Type="ROUTE-TIMING-RPX" Name="display_butterfly_timing_summary_routed.rpx"/>
  <File Type="ROUTE-SIMILARITY" Name="display_butterfly_incremental_reuse_routed.rpt"/>
  <File Type="RDI-RDI" Name="display_butterfly.vdi"/>
  <File Type="ROUTE-CLK" Name="display_butterfly_clock_utilization_routed.rpt"/>
  <File Type="POSTROUTE-PHYSOPT-DCP" Name="display_butterfly_postroute_physopt.dcp"/>
  <File Type="POSTROUTE-PHYSOPT-BLACKBOX-DCP" Name="display_butterfly_postroute_physopt_bb.dcp"/>
  <File Type="POSTROUTE-PHYSOPT-TIMING" Name="display_butterfly_timing_summary_postroute_physopted.rpt"/>
  <File Type="POSTROUTE-PHYSOPT-TIMING-PB" Name="display_butterfly_timing_summary_postroute_physopted.pb"/>
  <File Type="POSTROUTE-PHYSOPT-TIMING-RPX" Name="display_butterfly_timing_summary_postroute_physopted.rpx"/>
  <File Type="BITSTR-NKY" Name="display_butterfly.nky"/>
  <File Type="BITSTR-BMM" Name="display_butterfly_bd.bmm"/>
  <File Type="BITSTR-MMI" Name="display_butterfly.mmi"/>
  <File Type="BITSTR-LTX" Name="debug_nets.ltx"/>
  <File Type="BITSTR-LTX" Name="display_butterfly.ltx"/>
  <File Type="BITSTR-SYSDEF" Name="display_butterfly.sysdef"/>
  <File Type="WBT-USG" Name="usage_statistics_webtalk.html"/>
  <FileSet Name="sources" Type="DesignSrcs" RelSrcDir="$PSRCDIR/sources_1">
    <Filter Type="Srcs"/>
    <File Path="$PSRCDIR/sources_1/new/complex_pkg.vhd">
      <FileInfo>
        <Attr Name="UsedIn" Val="synthesis"/>
        <Attr Name="UsedIn" Val="simulation"/>
      </FileInfo>
    </File>
    <File Path="$PSRCDIR/sources_1/new/fft_butterfly.vhd">
      <FileInfo>
        <Attr Name="UsedIn" Val="synthesis"/>
        <Attr Name="UsedIn" Val="simulation"/>
      </FileInfo>
    </File>
    <File Path="$PSRCDIR/sources_1/new/sevenseg.vhd">
      <FileInfo>
        <Attr Name="UsedIn" Val="synthesis"/>
        <Attr Name="UsedIn" Val="simulation"/>
      </FileInfo>
    </File>
    <File Path="$PSRCDIR/sources_1/new/sevenseg_decode.vhd">
      <FileInfo>
        <Attr Name="UsedIn" Val="synthesis"/>
        <Attr Name="UsedIn" Val="simulation"/>
      </FileInfo>
    </File>
    <File Path="$PSRCDIR/sources_1/new/display_butterfly.vhd">
      <FileInfo>
        <Attr Name="UsedIn" Val="synthesis"/>
        <Attr Name="UsedIn" Val="simulation"/>
      </FileInfo>
    </File>
    <File Path="$PSRCDIR/sources_1/new/use_sevenseg.vhd">
      <FileInfo>
        <Attr Name="AutoDisabled" Val="1"/>
        <Attr Name="UsedIn" Val="synthesis"/>
        <Attr Name="UsedIn" Val="simulation"/>
      </FileInfo>
    </File>
    <Config>
      <Option Name="DesignMode" Val="RTL"/>
      <Option Name="TopModule" Val="display_butterfly"/>
    </Config>
  </FileSet>
  <FileSet Name="constrs_in" Type="Constrs" RelSrcDir="$PSRCDIR/constrs_1">
    <Filter Type="Constrs"/>
    <File Path="$PSRCDIR/constrs_1/new/use_sevenseg_contraints.xdc">
      <FileInfo>
        <Attr Name="UsedIn" Val="synthesis"/>
        <Attr Name="UsedIn" Val="implementation"/>
      </FileInfo>
    </File>
    <Config>
      <Option Name="TargetConstrsFile" Val="$PSRCDIR/constrs_1/new/use_sevenseg_contraints.xdc"/>
      <Option Name="ConstrsType" Val="XDC"/>
    </Config>
  </FileSet>
  <Strategy Version="1" Minor="2">
    <StratHandle Name="Vivado Implementation Defaults" Flow="Vivado Implementation 2017"/>
    <Step Id="init_design"/>
    <Step Id="opt_design"/>
    <Step Id="power_opt_design"/>
    <Step Id="place_design"/>
    <Step Id="post_place_power_opt_design"/>
    <Step Id="phys_opt_design"/>
    <Step Id="route_design"/>
    <Step Id="post_route_phys_opt_design"/>
    <Step Id="write_bitstream"/>
  </Strategy>
</GenRun>
