<?xml version="1.0" encoding="UTF-8"?>
<GenRun Id="fp_adder_subtractor_synth_1" LaunchPart="xc7a100tcsg324-1" LaunchTime="1585604927">
  <File Type="PA-TCL" Name="fp_adder_subtractor.tcl"/>
  <File Type="RDS-PROPCONSTRS" Name="fp_adder_subtractor_drc_synth.rpt"/>
  <File Type="REPORTS-TCL" Name="fp_adder_subtractor_reports.tcl"/>
  <File Type="RDS-RDS" Name="fp_adder_subtractor.vds"/>
  <File Type="RDS-UTIL" Name="fp_adder_subtractor_utilization_synth.rpt"/>
  <File Type="RDS-UTIL-PB" Name="fp_adder_subtractor_utilization_synth.pb"/>
  <File Type="RDS-DCP" Name="fp_adder_subtractor.dcp"/>
  <File Type="VDS-TIMINGSUMMARY" Name="fp_adder_subtractor_timing_summary_synth.rpt"/>
  <File Type="VDS-TIMING-PB" Name="fp_adder_subtractor_timing_summary_synth.pb"/>
  <FileSet Name="sources" Type="BlockSrcs" RelSrcDir="$PSRCDIR/fp_adder_subtractor">
    <File Path="$PSRCDIR/sources_1/ip/fp_adder_subtractor/fp_adder_subtractor.xci">
      <FileInfo>
        <Attr Name="UsedIn" Val="synthesis"/>
        <Attr Name="UsedIn" Val="implementation"/>
        <Attr Name="UsedIn" Val="simulation"/>
      </FileInfo>
    </File>
    <Config>
      <Option Name="TopModule" Val="fp_adder_subtractor"/>
      <Option Name="UseBlackboxStub" Val="1"/>
    </Config>
  </FileSet>
  <FileSet Name="constrs_in" Type="BlockSrcs" RelSrcDir="$PSRCDIR/fp_adder_subtractor">
    <File Path="$PSRCDIR/sources_1/ip/fp_adder_subtractor/fp_adder_subtractor.xci">
      <FileInfo>
        <Attr Name="UsedIn" Val="synthesis"/>
        <Attr Name="UsedIn" Val="implementation"/>
        <Attr Name="UsedIn" Val="simulation"/>
      </FileInfo>
    </File>
    <Config>
      <Option Name="TopModule" Val="fp_adder_subtractor"/>
      <Option Name="UseBlackboxStub" Val="1"/>
    </Config>
  </FileSet>
  <FileSet Name="utils" Type="Utils" RelSrcDir="$PSRCDIR/utils_1">
    <Filter Type="Utils"/>
    <Config>
      <Option Name="TopAutoSet" Val="TRUE"/>
    </Config>
  </FileSet>
  <Strategy Version="1" Minor="2">
    <StratHandle Name="Vivado Synthesis Defaults" Flow="Vivado Synthesis 2017"/>
    <Step Id="synth_design"/>
  </Strategy>
</GenRun>
