<?xml version="1.0"?>
<Runs Version="1" Minor="0">
	<Run Id="fp_adder_subtractor_synth_1" LaunchDir="C:/Users/kptho/Desktop/Spring 2020 Semester/EE 26/Labs/EE-26-Lab-Project-Repo/lab4/lab4.runs/fp_adder_subtractor_synth_1" FlowId="Vivado_Synthesis" FromStepId="vivado" ToStepId="vivado"/>
	<Run Id="fp_multiplier_synth_1" LaunchDir="C:/Users/kptho/Desktop/Spring 2020 Semester/EE 26/Labs/EE-26-Lab-Project-Repo/lab4/lab4.runs/fp_multiplier_synth_1" FlowId="Vivado_Synthesis" FromStepId="vivado" ToStepId="vivado"/>
	<Run Id="synth_1" LaunchDir="C:/Users/kptho/Desktop/Spring 2020 Semester/EE 26/Labs/EE-26-Lab-Project-Repo/lab4/lab4.runs/synth_1" FlowId="Vivado_Synthesis" FromStepId="vivado" ToStepId="vivado">
		<Parent Id="fp_adder_subtractor_synth_1"/>
		<Parent Id="fp_multiplier_synth_1"/>
	</Run>
	<Parameters>
		<Parameter Name="runs.monitorLSFJobs" Val="true" Type="bool"/>
		<Parameter Name="runs.enableClusterConf" Val="true" Type="bool"/>
	</Parameters>
</Runs>

