<?xml version="1.0" encoding="UTF-8"?>
<GenRun Id="synth_1" LaunchPart="xc7a100tcsg324-1" LaunchTime="1585607419">
  <File Type="PA-TCL" Name="fft_8point.tcl"/>
  <File Type="RDS-PROPCONSTRS" Name="fft_8point_drc_synth.rpt"/>
  <File Type="REPORTS-TCL" Name="fft_8point_reports.tcl"/>
  <File Type="RDS-RDS" Name="fft_8point.vds"/>
  <File Type="RDS-UTIL" Name="fft_8point_utilization_synth.rpt"/>
  <File Type="RDS-UTIL-PB" Name="fft_8point_utilization_synth.pb"/>
  <File Type="RDS-DCP" Name="fft_8point.dcp"/>
  <File Type="VDS-TIMINGSUMMARY" Name="fft_8point_timing_summary_synth.rpt"/>
  <File Type="VDS-TIMING-PB" Name="fft_8point_timing_summary_synth.pb"/>
  <FileSet Name="sources" Type="DesignSrcs" RelSrcDir="$PSRCDIR/sources_1">
    <Filter Type="Srcs"/>
    <File Path="$PPRDIR/../lab3/lab3.srcs/sources_1/new/complex_pkg.vhd">
      <FileInfo>
        <Attr Name="UsedIn" Val="synthesis"/>
        <Attr Name="UsedIn" Val="simulation"/>
      </FileInfo>
    </File>
    <File Path="$PPRDIR/../lab3/lab3.srcs/sources_1/new/display_butterfly.vhd">
      <FileInfo>
        <Attr Name="UsedIn" Val="synthesis"/>
        <Attr Name="UsedIn" Val="simulation"/>
      </FileInfo>
    </File>
    <File Path="$PPRDIR/../../Lab 4/lab4.srcs/sources_1/new/fft_butterfly.vhd">
      <FileInfo>
        <Attr Name="UsedIn" Val="synthesis"/>
        <Attr Name="UsedIn" Val="simulation"/>
      </FileInfo>
    </File>
    <File Path="$PPRDIR/../lab3/lab3.srcs/sources_1/new/sevenseg.vhd">
      <FileInfo>
        <Attr Name="UsedIn" Val="synthesis"/>
        <Attr Name="UsedIn" Val="simulation"/>
      </FileInfo>
    </File>
    <File Path="$PPRDIR/../lab3/lab3.srcs/sources_1/new/sevenseg_decode.vhd">
      <FileInfo>
        <Attr Name="UsedIn" Val="synthesis"/>
        <Attr Name="UsedIn" Val="simulation"/>
      </FileInfo>
    </File>
    <File Path="$PSRCDIR/sources_1/new/fft_8point.vhd">
      <FileInfo>
        <Attr Name="UsedIn" Val="synthesis"/>
        <Attr Name="UsedIn" Val="simulation"/>
      </FileInfo>
    </File>
    <Config>
      <Option Name="DesignMode" Val="RTL"/>
      <Option Name="TopModule" Val="fft_8point"/>
    </Config>
  </FileSet>
  <FileSet Name="constrs_in" Type="Constrs" RelSrcDir="$PSRCDIR/constrs_1">
    <Filter Type="Constrs"/>
    <Config>
      <Option Name="ConstrsType" Val="XDC"/>
    </Config>
  </FileSet>
  <FileSet Name="utils" Type="Utils" RelSrcDir="$PSRCDIR/utils_1">
    <Filter Type="Utils"/>
    <Config>
      <Option Name="TopAutoSet" Val="TRUE"/>
    </Config>
  </FileSet>
  <Strategy Version="1" Minor="2">
    <StratHandle Name="Vivado Synthesis Defaults" Flow="Vivado Synthesis 2017">
      <Desc>Vivado Synthesis Defaults</Desc>
    </StratHandle>
    <Step Id="synth_design"/>
  </Strategy>
  <BlockFileSet Type="BlockSrcs" Name="fp_adder_subtractor"/>
  <BlockFileSet Type="BlockSrcs" Name="fp_multiplier"/>
</GenRun>
